{"median_income($1k)": 0.5033570003222381, "insured": 0.3643945711567083, "broadband": 0.06281304139136852, "facility_100k": 0.022646733634140062, "avg_travel_time_min": 0.0467886534955451}